Engineering	66
Materials Science	45
Construction & Building Technology	28
Chemistry	8
Mechanics	7
Geology	5
Physics	5
Computer Science	4
Instruments & Instrumentation	4
Water Resources	4
Environmental Sciences & Ecology	3
Operations Research & Management Science	3
Science & Technology - Other Topics	3
Transportation	3
Thermodynamics	2
Architecture	1
Automation & Control Systems	1
Biochemistry & Molecular Biology	1
Biotechnology & Applied Microbiology	1
Energy & Fuels	1
Forestry	1
Integrative & Complementary Medicine	1
Nuclear Science & Technology	1
Optics	1
Telecommunications	1
Urban Studies	1
